{"cameraMode":{"drawMode":0,"name":"Shaded","section":"Shading Mode"},"sceneLighting":true,"audioPlay":false,"sceneViewState":{"m_AlwaysRefresh":false,"showFog":true,"showSkybox":true,"showFlares":true,"showImageEffects":true,"showParticleSystems":true,"showVisualEffectGraphs":true,"m_FxEnabled":true},"in2DMode":false,"pivot":{"x":0.07552359998226166,"y":-299.79425048828127,"z":-4.084157943725586},"rotation":{"x":-0.06099977716803551,"y":0.8051762580871582,"z":-0.08362119644880295,"w":-0.5853796601295471},"size":0.0734841525554657,"orthographic":false}